,State,Month,Predicted Value,Value,State_encoded,Error,Absolute Error,Squared Error
0,Alabama,3,28.796426343438302,15.6,0,13.196426343438302,13.196426343438302,174.1456682377924
1,Alabama,3,28.796426343438302,18.0,0,10.796426343438302,10.796426343438302,116.56282178928855
2,Alabama,3,28.796426343438302,23.0,0,5.796426343438302,5.796426343438302,33.59855835490553
3,Alabama,4,28.9709135496911,14.7,0,14.270913549691102,14.270913549691102,203.65897354275708
4,Alabama,4,28.9709135496911,18.8,0,10.1709135496911,10.1709135496911,103.44748243529001
5,Alabama,4,28.9709135496911,20.9,0,8.070913549691102,8.070913549691102,65.13964552658743
6,Alabama,5,29.145400755943896,16.2,0,12.945400755943897,12.945400755943897,167.5834007319928
7,Alabama,5,29.145400755943896,19.2,0,9.945400755943897,9.945400755943897,98.91099619632944
8,Alabama,5,29.145400755943896,23.5,0,5.645400755943896,5.645400755943896,31.870549695211917
9,Alabama,6,29.31988796219669,14.6,0,14.719887962196692,14.719887962196692,216.6751016196231
10,Alabama,6,29.31988796219669,18.1,0,11.21988796219669,11.21988796219669,125.88588588424619
11,Alabama,6,29.31988796219669,22.5,0,6.819887962196692,6.819887962196692,46.51087181691534
12,Alaska,3,28.778685203781198,17.4,1,11.378685203781199,11.378685203781199,129.4744769667492
13,Alaska,3,28.778685203781198,16.5,1,12.278685203781198,12.278685203781198,150.7661103335553
14,Alaska,3,28.778685203781198,23.2,1,5.578685203781198,5.578685203781198,31.12172860288727
15,Alaska,4,28.953172410033996,20.4,1,8.553172410033998,8.553172410033998,73.15675827576679
16,Alaska,4,28.953172410033996,20.7,1,8.253172410033997,8.253172410033997,68.11485482974638
17,Alaska,4,28.953172410033996,26.2,1,2.753172410033997,2.753172410033997,7.579958319372408
18,Alaska,5,29.127659616286792,15.8,1,13.327659616286791,13.327659616286791,177.62651084760176
19,Alaska,5,29.127659616286792,17.7,1,11.427659616286792,11.427659616286792,130.591404305712
20,Alaska,5,29.127659616286792,22.7,1,6.4276596162867925,6.4276596162867925,41.31480814284408
21,Alaska,6,29.302146822539587,17.2,1,12.102146822539588,12.102146822539588,146.46195771430504
22,Alaska,6,29.302146822539587,20.0,1,9.302146822539587,9.302146822539587,86.52993550808334
23,Alaska,6,29.302146822539587,24.4,1,4.9021468225395886,4.9021468225395886,24.031043469734986
24,Arizona,3,28.760944064124093,13.1,2,15.660944064124093,15.660944064124093,245.26516897962367
25,Arizona,3,28.760944064124093,15.9,2,12.860944064124093,12.860944064124093,165.40388222052874
26,Arizona,3,28.760944064124093,19.8,2,8.960944064124092,8.960944064124092,80.2985185203608
27,Arizona,4,28.935431270376892,14.8,2,14.135431270376891,14.135431270376891,199.81041719954885
28,Arizona,4,28.935431270376892,19.5,2,9.435431270376892,9.435431270376892,89.02736325800609
29,Arizona,4,28.935431270376892,22.6,2,6.3354312703768905,6.3354312703768905,40.13768938166934
30,Arizona,5,29.109918476629687,15.7,2,13.409918476629688,13.409918476629688,179.82591354985428
31,Arizona,5,29.109918476629687,17.4,2,11.709918476629689,11.709918476629689,137.12219072931336
32,Arizona,5,29.109918476629687,22.3,2,6.8099184766296865,6.8099184766296865,46.37498965834239
33,Arizona,6,29.284405682882483,11.4,2,17.88440568288248,17.88440568288248,319.85196662991916
34,Arizona,6,29.284405682882483,15.2,2,14.084405682882483,14.084405682882483,198.37048344001238
35,Arizona,6,29.284405682882483,18.2,2,11.084405682882483,11.084405682882483,122.8640493427175
36,Arkansas,3,28.74320292446699,14.8,3,13.943202924466988,13.943202924466988,194.41290779286476
37,Arkansas,3,28.74320292446699,20.2,3,8.54320292446699,8.54320292446699,72.98631620862132
38,Arkansas,3,28.74320292446699,23.0,3,5.743202924466988,5.743202924466988,32.98437983160617
39,Arkansas,4,28.917690130719787,14.7,3,14.217690130719788,14.217690130719788,202.14271265316685
40,Arkansas,4,28.917690130719787,19.1,3,9.817690130719786,9.817690130719786,96.38703950283269
41,Arkansas,4,28.917690130719787,22.5,3,6.417690130719787,6.417690130719787,41.18674661393816
42,Arkansas,5,29.092177336972583,13.2,3,15.892177336972583,15.892177336972583,252.56130050978499
43,Arkansas,5,29.092177336972583,16.1,3,12.992177336972581,12.992177336972581,168.79667195534395
44,Arkansas,5,29.092177336972583,19.4,3,9.692177336972584,9.692177336972584,93.93830153132497
45,Arkansas,6,29.266664543225378,15.9,3,13.366664543225378,13.366664543225378,178.6677210111185
46,Arkansas,6,29.266664543225378,19.5,3,9.766664543225378,9.766664543225378,95.38773629989578
47,Arkansas,6,29.266664543225378,23.7,3,5.566664543225379,5.566664543225379,30.987754136802614
48,California,3,28.725461784809884,11.5,4,17.225461784809884,17.225461784809884,296.7165336999457
49,California,3,28.725461784809884,14.9,4,13.825461784809884,13.825461784809884,191.14339356323848
50,California,3,28.725461784809884,19.0,4,9.725461784809884,9.725461784809884,94.58460692779745
51,California,4,28.899948991062683,11.8,4,17.099948991062682,17.099948991062682,292.4082554969456
52,California,4,28.899948991062683,16.4,4,12.499948991062684,12.499948991062684,156.248724779169
53,California,4,28.899948991062683,19.5,4,9.399948991062683,9.399948991062683,88.35904103458034
54,California,5,29.074436197315478,12.2,4,16.87443619731548,16.87443619731548,284.7465969772709
55,California,5,29.074436197315478,17.2,4,11.874436197315479,11.874436197315479,141.0022350041161
56,California,5,29.074436197315478,20.7,4,8.374436197315479,8.374436197315479,70.13118162290773
57,California,6,29.248923403568273,11.7,4,17.548923403568274,17.548923403568274,307.9647126243063
58,California,6,29.248923403568273,16.5,4,12.748923403568273,12.748923403568273,162.53504795005085
59,California,6,29.248923403568273,20.2,4,9.048923403568274,9.048923403568274,81.88301476364563
60,Colorado,3,28.70772064515278,12.1,5,16.60772064515278,16.60772064515278,275.8163850274339
61,Colorado,3,28.70772064515278,17.6,5,11.107720645152778,11.107720645152778,123.38145793075324
62,Colorado,3,28.70772064515278,19.6,5,9.107720645152778,9.107720645152778,82.95057535014213
63,Colorado,4,28.88220785140558,12.7,5,16.18220785140558,16.18220785140558,261.8638509460924
64,Colorado,4,28.88220785140558,18.7,5,10.182207851405579,10.182207851405579,103.67735672922542
65,Colorado,4,28.88220785140558,21.3,5,7.5822078514055775,7.5822078514055775,57.489875901916385
66,Colorado,5,29.056695057658374,14.3,5,14.756695057658373,14.756695057658373,217.76004902471905
67,Colorado,5,29.056695057658374,17.9,5,11.156695057658375,11.156695057658375,124.47184460957881
68,Colorado,5,29.056695057658374,21.3,5,7.756695057658373,7.756695057658373,60.166318217501825
69,Colorado,6,29.23118226391117,14.2,5,15.03118226391117,15.03118226391117,225.9364402509177
70,Colorado,6,29.23118226391117,17.6,5,11.631182263911167,11.631182263911167,135.28440085632172
71,Colorado,6,29.23118226391117,21.5,5,7.731182263911169,7.731182263911169,59.771179197814625
72,Connecticut,3,28.689979505495675,11.7,6,16.989979505495675,16.989979505495675,288.6594035971631
73,Connecticut,3,28.689979505495675,14.2,6,14.489979505495675,14.489979505495675,209.9595060696847
74,Connecticut,3,28.689979505495675,17.9,6,10.789979505495676,10.789979505495676,116.42365772901671
75,Connecticut,4,28.86446671174847,13.4,6,15.46446671174847,15.46446671174847,239.14973067877654
76,Connecticut,4,28.86446671174847,19.4,6,9.464466711748472,9.464466711748472,89.57613013779492
77,Connecticut,4,28.86446671174847,22.7,6,6.164466711748471,6.164466711748471,38.00064984025501
78,Connecticut,5,29.03895391800127,11.6,6,17.438953918001268,17.438953918001268,304.1171137541718
79,Connecticut,5,29.03895391800127,15.0,6,14.038953918001269,14.038953918001269,197.09222711176318
80,Connecticut,5,29.03895391800127,19.7,6,9.33895391800127,9.33895391800127,87.21606028255127
81,Connecticut,6,29.213441124254064,12.5,6,16.713441124254064,16.713441124254064,279.33911421390695
82,Connecticut,6,29.213441124254064,15.7,6,13.513441124254065,13.513441124254065,182.61309101868096
83,Connecticut,6,29.213441124254064,19.0,6,10.213441124254064,10.213441124254064,104.31437959860412
84,Delaware,3,28.67223836583857,14.4,7,14.27223836583857,14.27223836583857,203.69678797131442
85,Delaware,3,28.67223836583857,15.4,7,13.27223836583857,13.27223836583857,176.15231123963727
86,Delaware,3,28.67223836583857,19.1,7,9.572238365838569,9.572238365838569,91.62774733243184
87,Delaware,4,28.846725572091366,15.6,7,13.246725572091366,13.246725572091366,175.4757383822993
88,Delaware,4,28.846725572091366,19.0,7,9.846725572091366,9.846725572091366,96.95800449207803
89,Delaware,4,28.846725572091366,22.9,7,5.946725572091367,5.946725572091367,35.3635450297654
90,Delaware,5,29.021212778344164,17.5,7,11.521212778344164,11.521212778344164,132.73834388388087
91,Delaware,5,29.021212778344164,17.0,7,12.021212778344164,12.021212778344164,144.50955666222504
92,Delaware,5,29.021212778344164,21.5,7,7.5212127783441645,7.5212127783441645,56.56864165712754
93,Delaware,6,29.19569998459696,16.7,7,12.49569998459696,12.49569998459696,156.14251810505647
94,Delaware,6,29.19569998459696,20.2,7,8.99569998459696,8.99569998459696,80.92261821287775
95,Delaware,6,29.19569998459696,24.1,7,5.095699984596958,5.095699984596958,25.966158333021443
96,District of Columbia,3,28.654497226181466,8.8,8,19.854497226181465,19.854497226181465,394.2010601044475
97,District of Columbia,3,28.654497226181466,21.0,8,7.654497226181466,7.654497226181466,58.591327785619754
98,District of Columbia,3,28.654497226181466,22.1,8,6.554497226181464,6.554497226181464,42.96143388802051
99,District of Columbia,4,28.82898443243426,11.6,8,17.22898443243426,17.22898443243426,296.8379045730621
100,District of Columbia,4,28.82898443243426,17.2,8,11.628984432434262,11.628984432434262,135.23327892979842
101,District of Columbia,4,28.82898443243426,20.5,8,8.328984432434261,8.328984432434261,69.37198167573227
102,District of Columbia,5,29.00347163868706,9.9,8,19.10347163868706,19.10347163868706,364.9426286501209
103,District of Columbia,5,29.00347163868706,14.1,8,14.90347163868706,14.90347163868706,222.11346688514956
104,District of Columbia,5,29.00347163868706,17.7,8,11.30347163868706,11.30347163868706,127.76847108660274
105,District of Columbia,6,29.177958844939855,10.6,8,18.577958844939857,18.577958844939857,345.14055484427905
106,District of Columbia,6,29.177958844939855,15.7,8,13.477958844939856,13.477958844939856,181.6553746258925
107,District of Columbia,6,29.177958844939855,18.7,8,10.477958844939856,10.477958844939856,109.78762155625336
108,Florida,3,28.63675608652436,12.8,9,15.83675608652436,15.83675608652436,250.8028433440664
109,Florida,3,28.63675608652436,17.3,9,11.33675608652436,11.33675608652436,128.52203856534715
110,Florida,3,28.63675608652436,20.8,9,7.83675608652436,7.83675608652436,61.41474595967661
111,Florida,4,28.811243292777156,13.0,9,15.811243292777156,15.811243292777156,249.99541446339063
112,Florida,4,28.811243292777156,16.5,9,12.311243292777156,12.311243292777156,151.56671141395051
113,Florida,4,28.811243292777156,20.3,9,8.511243292777156,8.511243292777156,72.44126238884412
114,Florida,5,28.985730499029955,14.1,9,14.885730499029956,14.885730499029956,221.5849724897506
115,Florida,5,28.985730499029955,19.1,9,9.885730499029954,9.885730499029954,97.72766749945102
116,Florida,5,28.985730499029955,22.6,9,6.385730499029954,6.385730499029954,40.777554006241346
117,Florida,6,29.16021770528275,15.3,9,13.86021770528275,13.86021770528275,192.1056348378334
118,Florida,6,29.16021770528275,17.8,9,11.36021770528275,11.36021770528275,129.05454631141967
119,Florida,6,29.16021770528275,22.1,9,7.060217705282749,7.060217705282749,49.84667404598801
120,Georgia,3,28.619014946867257,15.3,10,13.319014946867256,13.319014946867256,177.39615915487337
121,Georgia,3,28.619014946867257,18.1,10,10.519014946867255,10.519014946867255,110.64967545241672
122,Georgia,3,28.619014946867257,21.5,10,7.1190149468672566,7.1190149468672566,50.680373813719406
123,Georgia,4,28.793502153120052,14.2,10,14.593502153120053,14.593502153120053,212.9703050931196
124,Georgia,4,28.793502153120052,16.9,10,11.893502153120053,11.893502153120053,141.45539346627135
125,Georgia,4,28.793502153120052,20.8,10,7.993502153120051,7.993502153120051,63.89607667193489
126,Georgia,5,28.96798935937285,14.2,10,14.767989359372852,14.767989359372852,218.09350971854977
127,Georgia,5,28.96798935937285,19.1,10,9.86798935937285,9.86798935937285,97.37721399669577
128,Georgia,5,28.96798935937285,21.6,10,7.367989359372849,7.367989359372849,54.28726719983153
129,Georgia,6,29.142476565625646,16.1,10,13.042476565625645,13.042476565625645,170.10619496489412
130,Georgia,6,29.142476565625646,19.1,10,10.042476565625645,10.042476565625645,100.85133557114024
131,Georgia,6,29.142476565625646,24.0,10,5.142476565625646,5.142476565625646,26.44506522800894
132,Hawaii,3,28.601273807210152,12.0,11,16.601273807210152,16.601273807210152,275.60229202196183
133,Hawaii,3,28.601273807210152,14.6,11,14.001273807210152,14.001273807210152,196.03566822446908
134,Hawaii,3,28.601273807210152,19.3,11,9.301273807210151,9.301273807210151,86.51369443669363
135,Hawaii,4,28.775761013462947,11.3,11,17.475761013462947,17.475761013462947,305.4022229996715
136,Hawaii,4,28.775761013462947,10.9,11,17.87576101346295,17.87576101346295,319.5428318104419
137,Hawaii,4,28.775761013462947,14.8,11,13.975761013462947,13.975761013462947,195.32189590543084
138,Hawaii,5,28.950248219715746,9.5,11,19.450248219715746,19.450248219715746,378.31215580855553
139,Hawaii,5,28.950248219715746,11.1,11,17.850248219715745,17.850248219715745,318.6313615054651
140,Hawaii,5,28.950248219715746,14.8,11,14.150248219715746,14.150248219715746,200.2295246795686
141,Hawaii,6,29.12473542596854,12.0,11,17.12473542596854,17.12473542596854,293.256563409422
142,Hawaii,6,29.12473542596854,17.0,11,12.124735425968542,12.124735425968542,147.00920914973656
143,Hawaii,6,29.12473542596854,18.6,11,10.52473542596854,10.52473542596854,110.77005578663719
144,Idaho,3,28.583532667553047,13.7,12,14.883532667553048,14.883532667553048,221.51954466611875
145,Idaho,3,28.583532667553047,18.4,12,10.183532667553049,10.183532667553049,103.70433759112012
146,Idaho,3,28.583532667553047,21.2,12,7.383532667553048,7.383532667553048,54.51655465282303
147,Idaho,4,28.758019873805843,14.0,12,14.758019873805843,14.758019873805843,217.79915059564823
148,Idaho,4,28.758019873805843,16.7,12,12.058019873805844,12.058019873805844,145.3958432770967
149,Idaho,4,28.758019873805843,20.5,12,8.258019873805843,8.258019873805843,68.19489223617227
150,Idaho,5,28.93250708005864,11.0,12,17.93250708005864,17.93250708005864,321.5748101763533
151,Idaho,5,28.93250708005864,15.2,12,13.732507080058642,13.732507080058642,188.58175070386073
152,Idaho,5,28.93250708005864,19.1,12,9.83250708005864,9.83250708005864,96.67819547940329
153,Idaho,6,29.106994286311437,15.1,12,14.006994286311437,14.006994286311437,196.19588893676126
154,Idaho,6,29.106994286311437,18.0,12,11.106994286311437,11.106994286311437,123.36532207615491
155,Idaho,6,29.106994286311437,21.9,12,7.2069942863114385,7.2069942863114385,51.94076664292572
156,Illinois,3,28.565791527895943,13.3,13,15.265791527895942,15.265791527895942,233.04439097317953
157,Illinois,3,28.565791527895943,17.1,13,11.465791527895941,11.465791527895941,131.46437536117034
158,Illinois,3,28.565791527895943,19.6,13,8.965791527895941,8.965791527895941,80.38541772169064
159,Illinois,4,28.74027873414874,13.6,13,15.140278734148739,15.140278734148739,229.22804014771654
160,Illinois,4,28.74027873414874,15.2,13,13.540278734148739,13.540278734148739,183.33914819844057
161,Illinois,4,28.74027873414874,19.3,13,9.440278734148738,9.440278734148738,89.11886257842089
162,Illinois,5,28.914765940401537,11.4,13,17.51476594040154,17.51476594040154,306.7670259470498
163,Illinois,5,28.914765940401537,13.7,13,15.214765940401538,15.214765940401538,231.4891026212027
164,Illinois,5,28.914765940401537,16.9,13,12.014765940401539,12.014765940401539,144.35460060263287
165,Illinois,6,29.089253146654332,14.1,13,14.989253146654333,14.989253146654333,224.6777098944868
166,Illinois,6,29.089253146654332,18.1,13,10.989253146654331,10.989253146654331,120.76368472125212
167,Illinois,6,29.089253146654332,21.7,13,7.389253146654333,7.389253146654333,54.60106206534096
168,Indiana,3,28.54805038823884,14.9,14,13.648050388238838,13.648050388238838,186.2692793999063
169,Indiana,3,28.54805038823884,21.1,14,7.448050388238837,7.448050388238837,55.47345458574469
170,Indiana,3,28.54805038823884,24.2,14,4.348050388238839,4.348050388238839,18.905542178663918
171,Indiana,4,28.722537594491634,14.7,14,14.022537594491634,14.022537594491634,196.63156058893122
172,Indiana,4,28.722537594491634,17.1,14,11.622537594491632,11.622537594491632,135.08338013537133
173,Indiana,4,28.722537594491634,22.1,14,6.622537594491632,6.622537594491632,43.85800419045501
174,Indiana,5,28.897024800744433,14.7,14,14.197024800744433,14.197024800744433,201.5555131929525
175,Indiana,5,28.897024800744433,16.5,14,12.397024800744433,12.397024800744433,153.68622391027253
176,Indiana,5,28.897024800744433,21.8,14,7.097024800744432,7.097024800744432,50.36776102238154
177,Indiana,6,29.071512006997228,13.6,14,15.471512006997228,15.471512006997228,239.3676837826594
178,Indiana,6,29.071512006997228,18.2,14,10.871512006997229,10.871512006997229,118.1897733182849
179,Indiana,6,29.071512006997228,21.6,14,7.4715120069972265,7.4715120069972265,55.823491670703724
180,Iowa,3,28.530309248581734,11.3,15,17.230309248581733,17.230309248581733,296.8835568017612
181,Iowa,3,28.530309248581734,16.0,15,12.530309248581734,12.530309248581734,157.00864986509293
182,Iowa,3,28.530309248581734,18.4,15,10.130309248581735,10.130309248581735,102.62316547190063
183,Iowa,4,28.70479645483453,14.0,15,14.70479645483453,14.70479645483453,216.23103877811414
184,Iowa,4,28.70479645483453,16.1,15,12.604796454834528,12.604796454834528,158.8808936678091
185,Iowa,4,28.70479645483453,21.2,15,7.50479645483453,7.50479645483453,56.321969828496925
186,Iowa,5,28.879283661087328,11.8,15,17.079283661087327,17.079283661087327,291.70193037588456
187,Iowa,5,28.879283661087328,17.5,15,11.379283661087328,11.379283661087328,129.48809663948902
188,Iowa,5,28.879283661087328,20.5,15,8.379283661087328,8.379283661087328,70.21239467296506
189,Iowa,6,29.053770867340123,12.2,15,16.853770867340124,16.853770867340124,284.0495924488027
190,Iowa,6,29.053770867340123,14.6,15,14.453770867340124,14.453770867340124,208.91149228557006
191,Iowa,6,29.053770867340123,19.2,15,9.853770867340124,9.853770867340124,97.09680030604095
192,Kansas,3,28.540838228882084,14.8,16,13.740838228882083,13.740838228882083,188.8106352323073
193,Kansas,3,28.540838228882084,18.6,16,9.940838228882082,9.940838228882082,98.82026469280346
194,Kansas,3,28.540838228882084,22.0,16,6.540838228882084,6.540838228882084,42.78256473640531
195,Kansas,4,28.71532543513488,15.4,16,13.315325435134879,13.315325435134879,177.29789144354984
196,Kansas,4,28.71532543513488,15.8,16,12.915325435134879,12.915325435134879,166.80563109544195
197,Kansas,4,28.71532543513488,21.7,16,7.01532543513488,7.01532543513488,49.214790960850394
198,Kansas,5,28.889812641387675,13.2,16,15.689812641387675,15.689812641387675,246.1702207218485
199,Kansas,5,28.889812641387675,17.5,16,11.389812641387675,11.389812641387675,129.72783200591448
200,Kansas,5,28.889812641387675,20.4,16,8.489812641387676,8.489812641387676,72.07691868586599
201,Kansas,6,29.06429984764047,12.6,16,16.46429984764047,16.46429984764047,271.07316947301393
202,Kansas,6,29.06429984764047,15.0,16,14.06429984764047,14.06429984764047,197.80453020433976
203,Kansas,6,29.06429984764047,18.4,16,10.664299847640471,10.664299847640471,113.72729124038457
204,Kentucky,3,28.52309708922498,17.8,17,10.723097089224979,10.723097089224979,114.98481118494522
205,Kentucky,3,28.52309708922498,20.6,17,7.923097089224978,7.923097089224978,62.77546748528532
206,Kentucky,3,28.52309708922498,25.2,17,3.32309708922498,3.32309708922498,11.042974264415536
207,Kentucky,4,28.697584295477775,14.7,17,13.997584295477775,13.997584295477775,195.93236610900604
208,Kentucky,4,28.697584295477775,20.0,17,8.697584295477775,8.697584295477775,75.64797257694161
209,Kentucky,4,28.697584295477775,23.1,17,5.597584295477773,5.597584295477773,31.3329499449794
210,Kentucky,5,28.87207150173057,17.7,17,11.17207150173057,11.17207150173057,124.81518163978036
211,Kentucky,5,28.87207150173057,19.1,17,9.772071501730569,9.772071501730569,95.49338143493473
212,Kentucky,5,28.87207150173057,24.6,17,4.272071501730569,4.272071501730569,18.250594915898475
213,Kentucky,6,29.046558707983365,15.7,17,13.346558707983366,13.346558707983366,178.1306293456466
214,Kentucky,6,29.046558707983365,20.6,17,8.446558707983364,8.446558707983364,71.34435400740959
215,Kentucky,6,29.046558707983365,25.2,17,3.846558707983366,3.846558707983366,14.796013893962662
216,Louisiana,3,28.505355949567875,14.8,18,13.705355949567874,13.705355949567874,187.83678170435553
217,Louisiana,3,28.505355949567875,18.9,18,9.605355949567876,9.605355949567876,92.262862917899
218,Louisiana,3,28.505355949567875,22.0,18,6.505355949567875,6.505355949567875,42.319656030578145
219,Louisiana,4,28.67984315582067,14.9,18,13.77984315582067,13.77984315582067,189.88407739901777
220,Louisiana,4,28.67984315582067,22.0,18,6.67984315582067,6.67984315582067,44.62030458636425
221,Louisiana,4,28.67984315582067,26.7,18,1.9798431558206708,1.9798431558206708,3.9197789216499532
222,Louisiana,5,28.854330362073465,12.6,18,16.254330362073468,16.254330362073468,264.2032555194234
223,Louisiana,5,28.854330362073465,15.2,18,13.654330362073466,13.654330362073466,186.4407376366413
224,Louisiana,5,28.854330362073465,18.9,18,9.954330362073467,9.954330362073467,99.08869295729768
225,Louisiana,6,29.02881756832626,14.4,18,14.62881756832626,14.62881756832626,214.00230344737105
226,Louisiana,6,29.02881756832626,18.4,18,10.628817568326262,10.628817568326262,112.971762900761
227,Louisiana,6,29.02881756832626,21.6,18,7.428817568326259,7.428817568326259,55.187330463472875
228,Maine,3,28.48761480991077,14.7,19,13.787614809910771,13.787614809910771,190.09832214647082
229,Maine,3,28.48761480991077,19.1,19,9.387614809910769,9.387614809910769,88.127311819256
230,Maine,3,28.48761480991077,21.2,19,7.287614809910771,7.287614809910771,53.1093296176308
231,Maine,4,28.662102016163566,13.1,19,15.562102016163566,15.562102016163566,242.17901916148213
232,Maine,4,28.662102016163566,19.3,19,9.362102016163565,9.362102016163565,87.64895416105388
233,Maine,4,28.662102016163566,21.1,19,7.562102016163564,7.562102016163564,57.18538690286504
234,Maine,5,28.83658922241636,10.5,19,18.33658922241636,18.33658922241636,336.23050431163585
235,Maine,5,28.83658922241636,17.8,19,11.03658922241636,11.03658922241636,121.80630166435697
236,Maine,5,28.83658922241636,21.0,19,7.836589222416361,7.836589222416361,61.412130640892265
237,Maine,6,29.011076428669156,15.0,19,14.011076428669156,14.011076428669156,196.31026269000844
238,Maine,6,29.011076428669156,18.5,19,10.511076428669156,10.511076428669156,110.48272768932435
239,Maine,6,29.011076428669156,23.3,19,5.7110764286691555,5.7110764286691555,32.61639397410043
240,Maryland,3,28.469873670253666,11.6,20,16.869873670253668,16.869873670253668,284.59263765031795
241,Maryland,3,28.469873670253666,16.1,20,12.369873670253664,12.369873670253664,153.01377461803486
242,Maryland,3,28.469873670253666,19.1,20,9.369873670253664,9.369873670253664,87.79453259651287
243,Maryland,4,28.64436087650646,10.8,20,17.84436087650646,17.84436087650646,318.4212150909944
244,Maryland,4,28.64436087650646,15.0,20,13.644360876506461,13.644360876506461,186.16858372834017
245,Maryland,4,28.64436087650646,17.7,20,10.944360876506462,10.944360876506462,119.7790349952053
246,Maryland,5,28.818848082759256,10.4,20,18.418848082759254,18.418848082759254,339.25396469576424
247,Maryland,5,28.818848082759256,13.1,20,15.718848082759257,15.718848082759257,247.08218504886437
248,Maryland,5,28.818848082759256,16.8,20,12.018848082759256,12.018848082759256,144.45270923644583
249,Maryland,6,28.99333528901205,12.4,20,16.593335289012053,16.593335289012053,275.3387760135727
250,Maryland,6,28.99333528901205,17.1,20,11.89333528901205,11.89333528901205,141.45142429685936
251,Maryland,6,28.99333528901205,19.9,20,9.093335289012053,9.093335289012053,82.68874667839192
252,Massachusetts,3,28.45213253059656,12.1,21,16.352132530596563,16.352132530596563,267.39223829819434
253,Massachusetts,3,28.45213253059656,17.5,21,10.952132530596561,10.952132530596561,119.94920696775144
254,Massachusetts,3,28.45213253059656,20.4,21,8.052132530596563,8.052132530596563,64.8368382902914
255,Massachusetts,4,28.626619736849356,13.4,21,15.226619736849356,15.226619736849356,231.84994861061034
256,Massachusetts,4,28.626619736849356,18.5,21,10.126619736849356,10.126619736849356,102.54842729474693
257,Massachusetts,4,28.626619736849356,22.0,21,6.6266197368493565,6.6266197368493565,43.912089136801434
258,Massachusetts,5,28.801106943102152,12.9,21,15.901106943102151,15.901106943102151,252.84520201597144
259,Massachusetts,5,28.801106943102152,19.0,21,9.801106943102152,9.801106943102152,96.06169731012521
260,Massachusetts,5,28.801106943102152,20.6,21,8.20110694310215,8.20110694310215,67.2581550921983
261,Massachusetts,6,28.975594149354947,10.5,21,18.475594149354947,18.475594149354947,341.3475791716788
262,Massachusetts,6,28.975594149354947,16.1,21,12.875594149354946,12.875594149354946,165.7809246989033
263,Massachusetts,6,28.975594149354947,20.1,21,8.875594149354946,8.875594149354946,78.77617150406374
264,Michigan,3,28.434391390939457,11.7,22,16.734391390939457,16.734391390939457,280.03985522514864
265,Michigan,3,28.434391390939457,16.5,22,11.934391390939457,11.934391390939457,142.42969787212982
266,Michigan,3,28.434391390939457,19.0,22,9.434391390939457,9.434391390939457,89.00774091743253
267,Michigan,4,28.608878597192252,13.6,22,15.008878597192252,15.008878597192252,225.26643674525567
268,Michigan,4,28.608878597192252,16.8,22,11.808878597192251,11.808878597192251,139.44961372322524
269,Michigan,4,28.608878597192252,21.3,22,7.308878597192251,7.308878597192251,53.41970634849497
270,Michigan,5,28.783365803445047,15.3,22,13.483365803445047,13.483365803445047,181.80115338951128
271,Michigan,5,28.783365803445047,17.0,22,11.783365803445047,11.783365803445047,138.84770965779813
272,Michigan,5,28.783365803445047,22.3,22,6.4833658034450465,6.4833658034450465,42.03403214128063
273,Michigan,6,28.957853009697843,14.1,22,14.857853009697843,14.857853009697843,220.75579605778725
274,Michigan,6,28.957853009697843,18.3,22,10.657853009697842,10.657853009697842,113.58983077632534
275,Michigan,6,28.957853009697843,21.9,22,7.057853009697844,7.057853009697844,49.81328910650092
276,Minnesota,3,28.416650251282352,12.3,23,16.11665025128235,16.11665025128235,259.74641532215946
277,Minnesota,3,28.416650251282352,13.7,23,14.716650251282353,14.716650251282353,216.57979461856894
278,Minnesota,3,28.416650251282352,17.1,23,11.31665025128235,11.31665025128235,128.0665729098489
279,Minnesota,4,28.591137457535147,12.7,23,15.891137457535148,15.891137457535148,252.52824969427664
280,Minnesota,4,28.591137457535147,16.4,23,12.191137457535149,12.191137457535149,148.62383250851659
281,Minnesota,4,28.591137457535147,20.5,23,8.091137457535147,8.091137457535147,65.46650535672833
282,Minnesota,5,28.765624663787943,11.7,23,17.065624663787943,17.065624663787943,291.23554516528736
283,Minnesota,5,28.765624663787943,16.2,23,12.565624663787943,12.565624663787943,157.89492319119586
284,Minnesota,5,28.765624663787943,21.3,23,7.465624663787942,7.465624663787942,55.73555162055882
285,Minnesota,6,28.940111870040738,11.1,23,17.840111870040737,17.840111870040737,318.2695915355684
286,Minnesota,6,28.940111870040738,14.0,23,14.940111870040738,14.940111870040738,223.20694268933215
287,Minnesota,6,28.940111870040738,16.6,23,12.340111870040737,12.340111870040737,152.2783609651203
288,Mississippi,3,28.398909111625247,17.6,24,10.798909111625246,10.798909111625246,116.61643800114275
289,Mississippi,3,28.398909111625247,19.7,24,8.698909111625248,8.698909111625248,75.67101973231676
290,Mississippi,3,28.398909111625247,24.5,24,3.8989091116252474,3.8989091116252474,15.201492260714376
291,Mississippi,4,28.573396317878043,18.0,24,10.573396317878043,10.573396317878043,111.79670969491696
292,Mississippi,4,28.573396317878043,21.1,24,7.473396317878041,7.473396317878041,55.85165252407307
293,Mississippi,4,28.573396317878043,26.0,24,2.573396317878043,2.573396317878043,6.6223686088682685
294,Mississippi,5,28.747883524130838,17.3,24,11.447883524130837,11.447883524130837,131.05403718206628
295,Mississippi,5,28.747883524130838,20.3,24,8.447883524130837,8.447883524130837,71.36673603728126
296,Mississippi,5,28.747883524130838,24.5,24,4.247883524130838,4.247883524130838,18.04451443458223
297,Mississippi,6,28.922370730383633,20.8,24,8.122370730383633,8.122370730383633,65.97290628179275
298,Mississippi,6,28.922370730383633,24.1,24,4.822370730383632,4.822370730383632,23.255259461260763
299,Mississippi,6,28.922370730383633,28.2,24,0.7223707303836342,0.7223707303836342,0.5218194721149851
300,Missouri,3,28.381167971968143,12.4,25,15.981167971968143,15.981167971968143,255.39772974826036
301,Missouri,3,28.381167971968143,17.7,25,10.681167971968144,10.681167971968144,114.08734924539806
302,Missouri,3,28.381167971968143,21.0,25,7.381167971968143,7.381167971968143,54.48164063040831
303,Missouri,4,28.55565517822094,14.2,25,14.355655178220939,14.355655178220939,206.08483559598164
304,Missouri,4,28.55565517822094,18.6,25,9.955655178220937,9.955655178220937,99.11507002763736
305,Missouri,4,28.55565517822094,21.2,25,7.355655178220939,7.355655178220939,54.10566310088851
306,Missouri,5,28.730142384473734,13.0,25,15.730142384473734,15.730142384473734,247.437379435817
307,Missouri,5,28.730142384473734,15.7,25,13.030142384473734,13.030142384473734,169.78461055965886
308,Missouri,5,28.730142384473734,20.8,25,7.930142384473733,7.930142384473733,62.88715823802674
309,Missouri,6,28.90462959072653,10.6,25,18.304629590726528,18.304629590726528,335.0594644537012
310,Missouri,6,28.90462959072653,16.2,25,12.70462959072653,12.70462959072653,161.40761303756415
311,Missouri,6,28.90462959072653,18.8,25,10.104629590726528,10.104629590726528,102.10353916578616
312,Montana,3,28.36342683231104,13.1,26,15.263426832311039,15.263426832311039,232.9721986653126
313,Montana,3,28.36342683231104,21.5,26,6.863426832311038,6.863426832311038,47.10662788248713
314,Montana,3,28.36342683231104,24.2,26,4.163426832311039,4.163426832311039,17.334122988007532
315,Montana,4,28.537914038563834,13.8,26,14.737914038563833,14.737914038563833,217.2061102080969
316,Montana,4,28.537914038563834,17.5,26,11.037914038563834,11.037914038563834,121.83554632272457
317,Montana,4,28.537914038563834,20.7,26,7.837914038563834,7.837914038563834,61.43289647591604
318,Montana,5,28.71240124481663,11.5,26,17.21240124481663,17.21240124481663,296.266756612565
319,Montana,5,28.71240124481663,18.2,26,10.51240124481663,10.51240124481663,110.51057993202222
320,Montana,5,28.71240124481663,21.4,26,7.3124012448166305,7.3124012448166305,53.471211965195806
321,Montana,6,28.886888451069424,15.5,26,13.386888451069424,13.386888451069424,179.20878240137594
322,Montana,6,28.886888451069424,19.2,26,9.686888451069425,9.686888451069425,93.83580786346221
323,Montana,6,28.886888451069424,22.7,26,6.186888451069425,6.186888451069425,38.27758870597623
324,Nebraska,3,28.345685692653934,13.9,27,14.445685692653933,14.445685692653933,208.67783513094656
325,Nebraska,3,28.345685692653934,15.8,27,12.545685692653933,12.545685692653933,157.3942294988616
326,Nebraska,3,28.345685692653934,19.0,27,9.345685692653934,9.345685692653934,87.34184106587644
327,Nebraska,4,28.52017289890673,10.1,27,18.420172898906728,18.420172898906728,339.3027696256179
328,Nebraska,4,28.52017289890673,15.2,27,13.32017289890673,13.32017289890673,177.4270060567693
329,Nebraska,4,28.52017289890673,17.8,27,10.720172898906728,10.720172898906728,114.9221069824543
330,Nebraska,5,28.694660105159524,8.4,27,20.294660105159522,20.294660105159522,411.8732287839535
331,Nebraska,5,28.694660105159524,16.8,27,11.894660105159524,11.894660105159524,141.48293901727357
332,Nebraska,5,28.694660105159524,17.6,27,11.094660105159523,11.094660105159523,123.09148284901832
333,Nebraska,6,28.86914731141232,11.5,27,17.36914731141232,17.36914731141232,301.6872783255418
334,Nebraska,6,28.86914731141232,17.8,27,11.06914731141232,11.06914731141232,122.52602220174657
335,Nebraska,6,28.86914731141232,19.8,27,9.06914731141232,9.06914731141232,82.2494329560973
336,Nevada,3,28.32794455299683,11.1,28,17.22794455299683,17.22794455299683,296.8020735211332
337,Nevada,3,28.32794455299683,18.2,28,10.12794455299683,10.12794455299683,102.57526086857816
338,Nevada,3,28.32794455299683,21.6,28,6.727944552996828,6.727944552996828,45.26523790819969
339,Nevada,4,28.502431759249625,17.2,28,11.302431759249625,11.302431759249625,127.74496367249458
340,Nevada,4,28.502431759249625,21.7,28,6.802431759249625,6.802431759249625,46.273077839247954
341,Nevada,4,28.502431759249625,26.2,28,2.3024317592496253,2.3024317592496253,5.301192006001324
342,Nevada,5,28.67691896550242,13.4,28,15.27691896550242,15.27691896550242,233.3842530785275
343,Nevada,5,28.67691896550242,15.7,28,12.97691896550242,12.97691896550242,168.4004258372164
344,Nevada,5,28.67691896550242,19.3,28,9.37691896550242,9.37691896550242,87.92660928559896
345,Nevada,6,28.851406171755215,15.5,28,13.351406171755215,13.351406171755215,178.26004676318325
346,Nevada,6,28.851406171755215,18.1,28,10.751406171755214,10.751406171755214,115.5927346700561
347,Nevada,6,28.851406171755215,22.9,28,5.951406171755217,5.951406171755217,35.41923542120608
348,New Hampshire,3,28.310203413339725,9.1,29,19.210203413339727,19.210203413339727,369.0319151818893
349,New Hampshire,3,28.310203413339725,13.9,29,14.410203413339724,14.410203413339724,207.65396241382786
350,New Hampshire,3,28.310203413339725,16.3,29,12.010203413339724,12.010203413339724,144.24498602979716
351,New Hampshire,4,28.48469061959252,14.5,29,13.98469061959252,13.98469061959252,195.57157172571902
352,New Hampshire,4,28.48469061959252,18.7,29,9.78469061959252,9.78469061959252,95.74017052114186
353,New Hampshire,4,28.48469061959252,22.3,29,6.184690619592519,6.184690619592519,38.2503980600757
354,New Hampshire,5,28.659177825845315,16.4,29,12.259177825845317,12.259177825845317,150.2874409656975
355,New Hampshire,5,28.659177825845315,19.5,29,9.159177825845315,9.159177825845315,83.89053844545651
356,New Hampshire,5,28.659177825845315,24.1,29,4.559177825845314,4.559177825845314,20.786102447679603
357,New Hampshire,6,28.83366503209811,13.3,29,15.53366503209811,15.53366503209811,241.2947493294276
358,New Hampshire,6,28.83366503209811,16.2,29,12.633665032098111,12.633665032098111,159.60949214325856
359,New Hampshire,6,28.83366503209811,21.4,29,7.433665032098112,7.433665032098112,55.259375809438225
360,New Jersey,3,28.29246227368262,11.1,30,17.192462273682622,17.192462273682622,295.58075903200023
361,New Jersey,3,28.29246227368262,15.9,30,12.39246227368262,12.39246227368262,153.573121204647
362,New Jersey,3,28.29246227368262,19.7,30,8.59246227368262,8.59246227368262,73.83040792465911
363,New Jersey,4,28.466949479935415,12.2,30,16.266949479935416,16.266949479935416,264.6136453827711
364,New Jersey,4,28.466949479935415,14.9,30,13.566949479935415,13.566949479935415,184.06211819111982
365,New Jersey,4,28.466949479935415,18.6,30,9.866949479935414,9.866949479935414,97.35669203959773
366,New Jersey,5,28.64143668618821,10.7,30,17.94143668618821,17.94143668618821,321.89515036450024
367,New Jersey,5,28.64143668618821,13.8,30,14.84143668618821,14.84143668618821,220.26824291013327
368,New Jersey,5,28.64143668618821,16.5,30,12.14143668618821,12.14143668618821,147.41448480471695
369,New Jersey,6,28.815923892441006,11.1,30,17.715923892441005,17.715923892441005,313.85395936276205
370,New Jersey,6,28.815923892441006,12.3,30,16.515923892441005,16.515923892441005,272.77574202090364
371,New Jersey,6,28.815923892441006,15.9,30,12.915923892441006,12.915923892441006,166.82108999532844
372,New Mexico,3,28.274721134025516,16.3,31,11.974721134025515,11.974721134025515,143.3939462376773
373,New Mexico,3,28.274721134025516,19.3,31,8.974721134025515,8.974721134025515,80.54561943352422
374,New Mexico,3,28.274721134025516,24.4,31,3.874721134025517,3.874721134025517,15.013463866463988
375,New Mexico,4,28.44920834027831,13.9,31,14.54920834027831,14.54920834027831,211.67946332882394
376,New Mexico,4,28.44920834027831,19.0,31,9.449208340278311,9.449208340278311,89.28753825798519
377,New Mexico,4,28.44920834027831,21.5,31,6.949208340278311,6.949208340278311,48.291496556593636
378,New Mexico,5,28.623695546531106,14.4,31,14.223695546531106,14.223695546531106,202.3135150004088
379,New Mexico,5,28.623695546531106,16.5,31,12.123695546531106,12.123695546531106,146.9839937049782
380,New Mexico,5,28.623695546531106,19.9,31,8.723695546531108,8.723695546531108,76.10286398856668
381,New Mexico,6,28.7981827527839,16.9,31,11.898182752783903,11.898182752783903,141.56675281864435
382,New Mexico,6,28.7981827527839,18.9,31,9.898182752783903,9.898182752783903,97.97402180750872
383,New Mexico,6,28.7981827527839,23.6,31,5.1981827527839,5.1981827527839,27.021103931340008
384,New York,3,28.25697999436841,11.3,32,16.95697999436841,16.95697999436841,287.5391705294105
385,New York,3,28.25697999436841,15.8,32,12.45697999436841,12.45697999436841,155.1763505800948
386,New York,3,28.25697999436841,19.0,32,9.256979994368411,9.256979994368411,85.69167861613698
387,New York,4,28.431467200621206,11.1,32,17.331467200621205,17.331467200621205,300.3797553262086
388,New York,4,28.431467200621206,13.2,32,15.231467200621207,15.231467200621207,231.99759308359964
389,New York,4,28.431467200621206,16.6,32,11.831467200621205,11.831467200621205,139.98361611937537
390,New York,5,28.605954406874,11.6,32,17.005954406874004,17.005954406874004,289.20248528867734
391,New York,5,28.605954406874,14.8,32,13.805954406874001,13.805954406874001,190.60437708468365
392,New York,5,28.605954406874,17.8,32,10.805954406874001,10.805954406874001,116.76865064343964
393,New York,6,28.780441613126797,11.9,32,16.8804416131268,16.8804416131268,284.9493090541829
394,New York,6,28.780441613126797,16.1,32,12.680441613126796,12.680441613126796,160.7935995039177
395,New York,6,28.780441613126797,18.9,32,9.880441613126798,9.880441613126798,97.6231264704077
396,North Carolina,3,28.1826986147964,15.3,33,12.8826986147964,12.8826986147964,165.9639235996771
397,North Carolina,3,28.1826986147964,18.3,33,9.8826986147964,9.8826986147964,97.66773191089868
398,North Carolina,3,28.1826986147964,22.2,33,5.982698614796401,5.982698614796401,35.792682715486784
399,North Carolina,4,28.357185821049196,11.3,33,17.057185821049195,17.057185821049195,290.94758813380173
400,North Carolina,4,28.357185821049196,14.7,33,13.657185821049197,13.657185821049197,186.51872455066723
401,North Carolina,4,28.357185821049196,17.9,33,10.457185821049197,10.457185821049197,109.35273529595239
402,North Carolina,5,28.53167302730199,13.5,33,15.031673027301991,15.031673027301991,225.9511939997182
403,North Carolina,5,28.53167302730199,18.6,33,9.93167302730199,9.93167302730199,98.63812912123787
404,North Carolina,5,28.53167302730199,21.1,33,7.43167302730199,7.43167302730199,55.229763984727924
405,North Carolina,6,28.706160233554787,10.9,33,17.806160233554785,17.806160233554785,317.05934226302776
406,North Carolina,6,28.706160233554787,16.0,33,12.706160233554787,12.706160233554787,161.44650788076902
407,North Carolina,6,28.706160233554787,18.4,33,10.306160233554788,10.306160233554788,106.21693875970608
408,North Dakota,3,28.164957475139296,15.2,34,12.964957475139297,12.964957475139297,168.09012233217032
409,North Dakota,3,28.164957475139296,16.5,34,11.664957475139296,11.664957475139296,136.07123289680814
410,North Dakota,3,28.164957475139296,20.7,34,7.464957475139297,7.464957475139297,55.72559010563807
411,North Dakota,4,28.33944468139209,8.9,34,19.43944468139209,19.43944468139209,377.8920095209032
412,North Dakota,4,28.33944468139209,15.6,34,12.739444681392092,12.739444681392092,162.29345079024927
413,North Dakota,4,28.33944468139209,17.9,34,10.439444681392093,10.439444681392093,108.98200525584565
414,North Dakota,5,28.513931887644887,15.5,34,13.013931887644887,13.013931887644887,169.36242317626042
415,North Dakota,5,28.513931887644887,19.0,34,9.513931887644887,9.513931887644887,90.5148999627462
416,North Dakota,5,28.513931887644887,24.2,34,4.3139318876448876,4.3139318876448876,18.61000833123938
417,North Dakota,6,28.688419093897682,15.3,34,13.388419093897681,13.388419093897681,179.249765833844
418,North Dakota,6,28.688419093897682,18.6,34,10.08841909389768,10.08841909389768,101.77619981411931
419,North Dakota,6,28.688419093897682,20.2,34,8.488419093897683,8.488419093897683,72.05325871364676
420,Ohio,3,28.14721633548219,13.1,35,15.047216335482192,15.047216335482192,226.41871944680213
421,Ohio,3,28.14721633548219,19.3,35,8.84721633548219,8.84721633548219,78.27323688682293
422,Ohio,3,28.14721633548219,22.4,35,5.747216335482193,5.747216335482193,33.03049560683337
423,Ohio,4,28.321703541734987,13.3,35,15.021703541734986,15.021703541734986,225.65157729577342
424,Ohio,4,28.321703541734987,16.1,35,12.221703541734986,12.221703541734986,149.3700374620575
425,Ohio,4,28.321703541734987,19.5,35,8.821703541734987,8.821703541734987,77.82245337825961
426,Ohio,5,28.496190747987782,11.3,35,17.19619074798778,17.19619074798778,295.70897624118055
427,Ohio,5,28.496190747987782,14.7,35,13.796190747987783,13.796190747987783,190.3348791548637
428,Ohio,5,28.496190747987782,17.6,35,10.89619074798778,10.89619074798778,118.72697281653451
429,Ohio,6,28.670677954240578,12.7,35,15.970677954240578,15.970677954240578,255.06255431806602
430,Ohio,6,28.670677954240578,18.7,35,9.970677954240578,9.970677954240578,99.41441886717908
431,Ohio,6,28.670677954240578,20.7,35,7.970677954240578,7.970677954240578,63.531707050216774
432,Oklahoma,3,28.129475195825087,14.7,36,13.429475195825088,13.429475195825088,180.35080403528127
433,Oklahoma,3,28.129475195825087,20.0,36,8.129475195825087,8.129475195825087,66.08836695953534
434,Oklahoma,3,28.129475195825087,23.1,36,5.029475195825086,5.029475195825086,25.295620745419782
435,Oklahoma,4,28.303962402077882,17.1,36,11.203962402077881,11.203962402077881,125.52877350717476
436,Oklahoma,4,28.303962402077882,21.8,36,6.503962402077882,6.503962402077882,42.30152692764269
437,Oklahoma,4,28.303962402077882,25.0,36,3.3039624020778824,3.3039624020778824,10.91616755434425
438,Oklahoma,5,28.478449608330678,14.9,36,13.578449608330677,13.578449608330677,184.37429376597552
439,Oklahoma,5,28.478449608330678,19.8,36,8.678449608330677,8.678449608330677,75.31548760433488
440,Oklahoma,5,28.478449608330678,23.5,36,4.978449608330678,4.978449608330678,24.784960502687877
441,Oklahoma,6,28.652936814583473,15.9,36,12.752936814583473,12.752936814583473,162.63739739675844
442,Oklahoma,6,28.652936814583473,20.3,36,8.352936814583472,8.352936814583472,69.77155342842389
443,Oklahoma,6,28.652936814583473,24.6,36,4.052936814583472,4.052936814583472,16.42629682300602
444,Oregon,3,28.111734056167982,14.8,37,13.311734056167982,13.311734056167982,177.20226358214248
445,Oregon,3,28.111734056167982,20.3,37,7.811734056167982,7.811734056167982,61.02318896429467
446,Oregon,3,28.111734056167982,22.7,37,5.411734056167983,5.411734056167983,29.28686549468837
447,Oregon,4,28.286221262420778,15.2,37,13.086221262420779,13.086221262420779,171.24918692903367
448,Oregon,4,28.286221262420778,18.9,37,9.38622126242078,9.38622126242078,88.10114958711992
449,Oregon,4,28.286221262420778,23.0,37,5.286221262420778,5.286221262420778,27.94413523526952
450,Oregon,5,28.460708468673573,15.2,37,13.260708468673574,13.260708468673574,175.84638909115105
451,Oregon,5,28.460708468673573,20.0,37,8.460708468673573,8.460708468673573,71.58358779188472
452,Oregon,5,28.460708468673573,22.8,37,5.6607084686735725,5.6607084686735725,32.0436203673127
453,Oregon,6,28.63519567492637,15.5,37,13.135195674926369,13.135195674926369,172.53336541860438
454,Oregon,6,28.63519567492637,18.8,37,9.835195674926368,9.835195674926368,96.73107396409033
455,Oregon,6,28.63519567492637,23.6,37,5.035195674926367,5.035195674926367,25.353195484797194
456,Pennsylvania,3,28.093992916510878,14.0,38,14.093992916510878,14.093992916510878,198.6406363306588
457,Pennsylvania,3,28.093992916510878,17.6,38,10.493992916510877,10.493992916510877,110.12388733178045
458,Pennsylvania,3,28.093992916510878,21.8,38,6.293992916510877,6.293992916510877,39.6143468330891
459,Pennsylvania,4,28.268480122763673,14.0,38,14.268480122763673,14.268480122763673,203.58952501370206
460,Pennsylvania,4,28.268480122763673,18.2,38,10.068480122763674,10.068480122763674,101.37429198248721
461,Pennsylvania,4,28.268480122763673,21.4,38,6.868480122763675,6.868480122763675,47.17601919679971
462,Pennsylvania,5,28.44296732901647,15.4,38,13.042967329016468,13.042967329016468,170.11899674579098
463,Pennsylvania,5,28.44296732901647,21.2,38,7.242967329016469,7.242967329016469,52.46057572919997
464,Pennsylvania,5,28.44296732901647,24.5,38,3.9429673290164686,3.9429673290164686,15.546991357691265
465,Pennsylvania,6,28.617454535269264,11.3,38,17.317454535269263,17.317454535269263,299.894231581118
466,Pennsylvania,6,28.617454535269264,16.2,38,12.417454535269265,12.417454535269265,154.19317713547923
467,Pennsylvania,6,28.617454535269264,18.8,38,9.817454535269263,9.817454535269263,96.38241355207903
468,Rhode Island,3,28.076251776853773,10.6,39,17.476251776853772,17.476251776853772,305.41937616798464
469,Rhode Island,3,28.076251776853773,11.3,39,16.776251776853773,16.776251776853773,281.4426236803894
470,Rhode Island,3,28.076251776853773,14.9,39,13.176251776853773,13.176251776853773,173.6136108870422
471,Rhode Island,4,28.25073898310657,14.4,39,13.850738983106568,13.850738983106568,191.84297037814798
472,Rhode Island,4,28.25073898310657,19.4,39,8.85073898310657,8.85073898310657,78.33558054708233
473,Rhode Island,4,28.25073898310657,22.3,39,5.950738983106568,5.950738983106568,35.41129444506419
474,Rhode Island,5,28.425226189359364,12.3,39,16.125226189359363,16.125226189359363,260.0229196580011
475,Rhode Island,5,28.425226189359364,15.8,39,12.625226189359363,12.625226189359363,159.39633633248556
476,Rhode Island,5,28.425226189359364,18.4,39,10.025226189359365,10.025226189359365,100.50516014781691
477,Rhode Island,6,28.59971339561216,15.4,39,13.199713395612159,13.199713395612159,174.23243372630307
478,Rhode Island,6,28.59971339561216,18.3,39,10.299713395612159,10.299713395612159,106.08409603175255
479,Rhode Island,6,28.59971339561216,21.5,39,7.099713395612159,7.099713395612159,50.405930299834736
480,South Carolina,3,28.05851063719667,17.7,40,10.35851063719667,10.35851063719667,107.29874262091656
481,South Carolina,3,28.05851063719667,20.6,40,7.458510637196667,7.458510637196667,55.62938092517584
482,South Carolina,3,28.05851063719667,25.4,40,2.6585106371966702,2.6585106371966702,7.067678808087845
483,South Carolina,4,28.232997843449464,13.5,40,14.732997843449464,14.732997843449464,217.06122545508657
484,South Carolina,4,28.232997843449464,19.2,40,9.032997843449465,9.032997843449465,81.59505003976268
485,South Carolina,4,28.232997843449464,22.2,40,6.032997843449465,6.032997843449465,36.39706297906589
486,South Carolina,5,28.40748504970226,10.4,40,18.00748504970226,18.00748504970226,324.2695178152504
487,South Carolina,5,28.40748504970226,14.6,40,13.80748504970226,13.80748504970226,190.6466433977514
488,South Carolina,5,28.40748504970226,17.1,40,11.307485049702258,11.307485049702258,127.85921814924008
489,South Carolina,6,28.581972255955055,13.4,40,15.181972255955055,15.181972255955055,230.492281580589
490,South Carolina,6,28.581972255955055,17.0,40,11.581972255955055,11.581972255955055,134.14208133771263
491,South Carolina,6,28.581972255955055,20.5,40,8.081972255955055,8.081972255955055,65.31827554602724
492,South Dakota,3,28.040769497539564,9.3,41,18.740769497539564,18.740769497539564,351.2164413599093
493,South Dakota,3,28.040769497539564,18.5,41,9.540769497539564,9.540769497539564,91.02628260518135
494,South Dakota,3,28.040769497539564,20.0,41,8.040769497539564,8.040769497539564,64.65397411256265
495,South Dakota,4,28.21525670379236,12.5,41,15.71525670379236,15.71525670379236,246.9692932660907
496,South Dakota,4,28.21525670379236,15.0,41,13.21525670379236,13.21525670379236,174.6430097471289
497,South Dakota,4,28.21525670379236,18.5,41,9.71525670379236,9.71525670379236,94.38621282058239
498,South Dakota,5,28.389743910045155,11.5,41,16.889743910045155,16.889743910045155,285.2634493469074
499,South Dakota,5,28.389743910045155,17.1,41,11.289743910045154,11.289743910045154,127.45831755440163
500,South Dakota,5,28.389743910045155,19.1,41,9.289743910045154,9.289743910045154,86.29934191422102
501,South Dakota,6,28.56423111629795,8.7,41,19.86423111629795,19.86423111629795,394.58767784169976
502,South Dakota,6,28.56423111629795,15.7,41,12.864231116297951,12.864231116297951,165.48844221352843
503,South Dakota,6,28.56423111629795,18.2,41,10.364231116297951,10.364231116297951,107.41728663203867
504,Tennessee,3,28.02302835788246,14.9,42,13.12302835788246,13.12302835788246,172.2138732817872
505,Tennessee,3,28.02302835788246,19.2,42,8.82302835788246,8.82302835788246,77.84582940399807
506,Tennessee,3,28.02302835788246,22.8,42,5.223028357882459,5.223028357882459,27.280025227244337
507,Tennessee,4,28.197515564135255,17.2,42,10.997515564135256,10.997515564135256,120.94534858339719
508,Tennessee,4,28.197515564135255,19.3,42,8.897515564135254,8.897515564135254,79.16578321402909
509,Tennessee,4,28.197515564135255,24.7,42,3.4975155641352558,3.4975155641352558,12.232615121368356
510,Tennessee,5,28.37200277038805,13.3,42,15.07200277038805,15.07200277038805,227.16526751058504
511,Tennessee,5,28.37200277038805,17.8,42,10.57200277038805,10.57200277038805,111.7672425770926
512,Tennessee,5,28.37200277038805,21.7,42,6.672002770388051,6.672002770388051,44.51562096806583
513,Tennessee,6,28.546489976640846,13.9,42,14.646489976640845,14.646489976640845,214.51966863584076
514,Tennessee,6,28.546489976640846,18.4,42,10.146489976640847,10.146489976640847,102.95125884607317
515,Tennessee,6,28.546489976640846,21.4,42,7.146489976640847,7.146489976640847,51.0723189862281
516,Texas,3,28.005287218225355,16.1,43,11.905287218225354,11.905287218225354,141.73586374843998
517,Texas,3,28.005287218225355,19.4,43,8.605287218225357,8.605287218225357,74.0509681081527
518,Texas,3,28.005287218225355,24.1,43,3.9052872182253537,3.9052872182253537,15.251268256834322
519,Texas,4,28.17977442447815,17.1,43,11.079774424478149,11.079774424478149,122.7614012973201
520,Texas,4,28.17977442447815,22.1,43,6.079774424478149,6.079774424478149,36.96365705253861
521,Texas,4,28.17977442447815,26.6,43,1.579774424478149,1.579774424478149,2.4956872322352672
522,Texas,5,28.354261630730946,15.3,43,13.054261630730945,13.054261630730945,170.41374672357415
523,Texas,5,28.354261630730946,18.2,43,10.154261630730947,10.154261630730947,103.1090292653347
524,Texas,5,28.354261630730946,21.7,43,6.654261630730947,6.654261630730947,44.279197850218075
525,Texas,6,28.52874883698374,12.7,43,15.828748836983742,15.828748836983742,250.54928974431417
526,Texas,6,28.52874883698374,15.6,43,12.928748836983742,12.928748836983742,167.15254648980846
527,Texas,6,28.52874883698374,18.8,43,9.72874883698374,9.72874883698374,94.64855393311248
528,Utah,3,27.98754607856825,14.7,44,13.287546078568251,13.287546078568251,176.5588807900745
529,Utah,3,27.98754607856825,19.7,44,8.287546078568251,8.287546078568251,68.683420004392
530,Utah,3,27.98754607856825,23.0,44,4.987546078568251,4.987546078568251,24.875615885841533
531,Utah,4,28.162033284821046,14.8,44,13.362033284821045,13.362033284821045,178.5439335046655
532,Utah,4,28.162033284821046,18.9,44,9.262033284821047,9.262033284821047,85.78526056913296
533,Utah,4,28.162033284821046,22.4,44,5.762033284821047,5.762033284821047,33.20102757538563
534,Utah,5,28.33652049107384,15.8,44,12.53652049107384,12.53652049107384,157.1643460231143
535,Utah,5,28.33652049107384,19.9,44,8.436520491073843,8.436520491073843,71.17487799630884
536,Utah,5,28.33652049107384,23.6,44,4.73652049107384,4.73652049107384,22.43462636236237
537,Utah,6,28.511007697326637,13.2,44,15.311007697326637,15.311007697326637,234.42695670759554
538,Utah,6,28.511007697326637,17.3,44,11.211007697326636,11.211007697326636,125.68669358951708
539,Utah,6,28.511007697326637,20.5,44,8.011007697326637,8.011007697326637,64.17624432662662
540,Vermont,3,27.969804938911146,13.9,45,14.069804938911146,14.069804938911146,197.95941101900846
541,Vermont,3,27.969804938911146,16.3,45,11.669804938911145,11.669804938911145,136.18434731223496
542,Vermont,3,27.969804938911146,21.5,45,6.469804938911146,6.469804938911146,41.85837594755906
543,Vermont,4,28.14429214516394,14.7,45,13.444292145163942,13.444292145163942,180.74899128451688
544,Vermont,4,28.14429214516394,16.6,45,11.54429214516394,11.54429214516394,133.27068113289386
545,Vermont,4,28.14429214516394,24.2,45,3.944292145163942,3.944292145163942,15.557440526401972
546,Vermont,5,28.318779351416737,15.4,45,12.918779351416736,12.918779351416736,166.89485993059142
547,Vermont,5,28.318779351416737,18.5,45,9.818779351416737,9.818779351416737,96.40842795180767
548,Vermont,5,28.318779351416737,21.6,45,6.718779351416735,6.718779351416735,45.14199597302389
549,Vermont,6,28.493266557669532,14.0,45,14.493266557669532,14.493266557669532,210.05477551166206
550,Vermont,6,28.493266557669532,18.2,45,10.293266557669533,10.293266557669533,105.95133642723799
551,Vermont,6,28.493266557669532,21.6,45,6.893266557669531,6.893266557669531,47.517123835085144
552,Virginia,3,27.95206379925404,14.8,46,13.15206379925404,13.15206379925404,172.97678217964864
553,Virginia,3,27.95206379925404,16.8,46,11.15206379925404,11.15206379925404,124.36852698263247
554,Virginia,3,27.95206379925404,19.5,46,8.452063799254041,8.452063799254041,71.43738246666067
555,Virginia,4,28.126551005506837,12.6,46,15.526551005506837,15.526551005506837,241.07378612660537
556,Virginia,4,28.126551005506837,15.8,46,12.326551005506836,12.326551005506836,151.94385969136158
557,Virginia,4,28.126551005506837,18.9,46,9.226551005506838,9.226551005506838,85.12924345721925
558,Virginia,5,28.301038211759632,13.6,46,14.701038211759633,14.701038211759633,216.12052450361685
559,Virginia,5,28.301038211759632,17.3,46,11.001038211759631,11.001038211759631,121.02284173659555
560,Virginia,5,28.301038211759632,20.7,46,7.601038211759633,7.601038211759633,57.77578189663008
561,Virginia,6,28.475525418012428,15.9,46,12.575525418012427,12.575525418012427,158.14383953907662
562,Virginia,6,28.475525418012428,17.0,46,11.475525418012428,11.475525418012428,131.6876836194493
563,Virginia,6,28.475525418012428,21.7,46,6.775525418012428,6.775525418012428,45.90774469013249
564,Washington,3,27.934322659596937,13.8,47,14.134322659596936,14.134322659596936,199.77907704559541
565,Washington,3,27.934322659596937,19.5,47,8.434322659596937,8.434322659596937,71.13779872619035
566,Washington,3,27.934322659596937,22.5,47,5.434322659596937,5.434322659596937,29.531862768608725
567,Washington,4,28.108809865849732,16.1,47,12.00880986584973,12.00880986584973,144.21151439412984
568,Washington,4,28.108809865849732,18.6,47,9.50880986584973,9.50880986584973,90.41746506488117
569,Washington,4,28.108809865849732,23.9,47,4.208809865849734,4.208809865849734,17.714080486874053
570,Washington,5,28.283297072102528,13.8,47,14.483297072102527,14.483297072102527,209.76589407877364
571,Washington,5,28.283297072102528,17.1,47,11.183297072102526,11.183297072102526,125.06613340289694
572,Washington,5,28.283297072102528,20.3,47,7.983297072102527,7.983297072102527,63.73303214144078
573,Washington,6,28.457784278355323,14.1,47,14.357784278355323,14.357784278355323,206.1459693837873
574,Washington,6,28.457784278355323,17.6,47,10.857784278355322,10.857784278355322,117.89147943529998
575,Washington,6,28.457784278355323,21.1,47,7.357784278355322,7.357784278355322,54.13698948681274
576,West Virginia,3,27.916581519939832,15.3,48,12.616581519939832,12.616581519939832,159.17812924928728
577,West Virginia,3,27.916581519939832,18.0,48,9.916581519939832,9.916581519939832,98.3385890416122
578,West Virginia,3,27.916581519939832,22.8,48,5.116581519939832,5.116581519939832,26.1794064501898
579,West Virginia,4,28.091068726192628,19.0,48,9.091068726192628,9.091068726192628,82.64753058435765
580,West Virginia,4,28.091068726192628,22.1,48,5.991068726192626,5.991068726192626,35.892904481963335
581,West Virginia,4,28.091068726192628,26.8,48,1.291068726192627,1.291068726192627,1.6668584557526525
582,West Virginia,5,28.265555932445423,14.7,48,13.565555932445424,13.565555932445424,184.02430775630523
583,West Virginia,5,28.265555932445423,19.2,48,9.065555932445424,9.065555932445424,82.18430436429642
584,West Virginia,5,28.265555932445423,22.8,48,5.465555932445422,5.465555932445422,29.87230165068935
585,West Virginia,6,28.44004313869822,19.3,48,9.140043138698218,9.140043138698218,83.54038857726437
586,West Virginia,6,28.44004313869822,22.6,48,5.840043138698217,5.840043138698217,34.10610386185612
587,West Virginia,6,28.44004313869822,25.9,48,2.54004313869822,2.54004313869822,6.451819146447904
588,Wisconsin,3,27.898840380282728,12.9,49,14.998840380282727,14.998840380282727,224.96521275319972
589,Wisconsin,3,27.898840380282728,16.9,49,10.99884038028273,10.99884038028273,120.97448971093793
590,Wisconsin,3,27.898840380282728,19.7,49,8.198840380282729,8.198840380282729,67.22098358135463
591,Wisconsin,4,28.073327586535523,10.7,49,17.373327586535524,17.373327586535524,301.83251142907625
592,Wisconsin,4,28.073327586535523,13.7,49,14.373327586535524,14.373327586535524,206.5925459098631
593,Wisconsin,4,28.073327586535523,16.9,49,11.173327586535525,11.173327586535525,124.84324935603577
594,Wisconsin,5,28.24781479278832,11.2,49,17.04781479278832,17.04781479278832,290.6279892092122
595,Wisconsin,5,28.24781479278832,16.3,49,11.947814792788318,11.947814792788318,142.75027832277135
596,Wisconsin,5,28.24781479278832,18.9,49,9.34781479278832,9.34781479278832,87.38164140027214
597,Wisconsin,6,28.422301999041114,11.9,49,16.52230199904111,16.52230199904111,272.98646334751794
598,Wisconsin,6,28.422301999041114,15.9,49,12.522301999041114,12.522301999041114,156.80804735518907
599,Wisconsin,6,28.422301999041114,18.5,49,9.922301999041114,9.922301999041114,98.45207696017529
600,Wyoming,3,27.881099240625623,12.8,50,15.081099240625623,15.081099240625623,227.43955430559873
601,Wyoming,3,27.881099240625623,16.9,50,10.981099240625625,10.981099240625625,120.58454053246867
602,Wyoming,3,27.881099240625623,20.1,50,7.781099240625622,7.781099240625622,60.54550539246463
603,Wyoming,4,28.05558644687842,15.4,50,12.655586446878418,12.655586446878418,160.1638683144127
604,Wyoming,4,28.05558644687842,21.3,50,6.755586446878418,6.755586446878418,45.637948241247365
605,Wyoming,4,28.05558644687842,23.3,50,4.755586446878418,4.755586446878418,22.615602453733697
606,Wyoming,5,28.230073653131214,12.0,50,16.230073653131214,16.230073653131214,263.41529078606396
607,Wyoming,5,28.230073653131214,15.6,50,12.630073653131214,12.630073653131214,159.51876048351926
608,Wyoming,5,28.230073653131214,20.3,50,7.930073653131213,7.930073653131213,62.886068144085826
609,Wyoming,6,28.40456085938401,8.9,50,19.504560859384007,19.504560859384007,380.4278943174146
610,Wyoming,6,28.40456085938401,13.7,50,14.70456085938401,14.70456085938401,216.2241100673282
611,Wyoming,6,28.40456085938401,16.9,50,11.50456085938401,11.50456085938401,132.35492056727057
